worklog_id,timestamp,date,calendar_week,sprint_by_date,worklog_author,author_id,issue_key,hours_logged,comment
10404,2026-09-29 07:20:10,2026-09-29,2026-W40,SCRUM Sprint 3,Sai Suchith Kurra,712020:7a155d42-06e0-4222-9d4e-f39dede68758,SCRUM-82,4.0,
10370,2026-09-21 19:00:00,2026-09-21,2026-W39,SCRUM Sprint 2,Calvin Koch,712020:1793fffe-a3b4-4b8b-b162-77b2e79e19da,SCRUM-80,2.0,
10368,2026-09-28 17:56:13,2026-09-28,2026-W40,SCRUM Sprint 3,Calvin Koch,712020:1793fffe-a3b4-4b8b-b162-77b2e79e19da,SCRUM-79,3.0,
10322,2026-09-28 11:00:24,2026-09-28,2026-W40,SCRUM Sprint 3,Anton Hedlund,712020:991ea2e9-c055-4d6e-a6b7-a44bccafe0a6,SCRUM-75,1.0,
10323,2026-09-28 11:00:25,2026-09-28,2026-W40,SCRUM Sprint 3,Klas Widebeck,712020:ba6fc434-9839-4353-a732-a8f4b60b9695,SCRUM-75,1.0,
10324,2026-09-28 11:00:30,2026-09-28,2026-W40,SCRUM Sprint 3,Seleman Hassan,712020:7e8593ee-4747-44a1-89c2-28e81af19f99,SCRUM-75,1.0,
10325,2026-09-28 11:00:28,2026-09-28,2026-W40,SCRUM Sprint 3,Calvin Koch,712020:1793fffe-a3b4-4b8b-b162-77b2e79e19da,SCRUM-75,1.0,
10365,2026-09-28 11:00:00,2026-09-28,2026-W40,SCRUM Sprint 3,Sai Suchith Kurra,712020:7a155d42-06e0-4222-9d4e-f39dede68758,SCRUM-75,1.0,
10470,2026-09-28 11:00:00,2026-09-28,2026-W40,SCRUM Sprint 3,Einar Eriksson Wahlin,712020:873506cb-9f09-47b4-8689-67e320ded9be,SCRUM-75,1.0,
10363,2026-09-10 19:30:00,2026-09-10,2026-W37,SCRUM Sprint 1,Calvin Koch,712020:1793fffe-a3b4-4b8b-b162-77b2e79e19da,SCRUM-74,1.0,
10602,2026-10-05 13:00:00,2026-10-05,2026-W41,SCRUM Sprint 3,Einar Eriksson Wahlin,712020:873506cb-9f09-47b4-8689-67e320ded9be,SCRUM-70,1.0,
10503,2026-10-01 09:00:00,2026-10-01,2026-W40,SCRUM Sprint 3,Einar Eriksson Wahlin,712020:873506cb-9f09-47b4-8689-67e320ded9be,SCRUM-67,1.5,
10569,2026-10-05 07:49:53,2026-10-05,2026-W41,SCRUM Sprint 3,Einar Eriksson Wahlin,712020:873506cb-9f09-47b4-8689-67e320ded9be,SCRUM-67,2.0,
10176,2026-09-24 11:13:09,2026-09-24,2026-W39,SCRUM Sprint 2,Einar Eriksson Wahlin,712020:873506cb-9f09-47b4-8689-67e320ded9be,SCRUM-64,1.0,
10177,2026-09-24 11:13:09,2026-09-24,2026-W39,SCRUM Sprint 2,Sai Suchith Kurra,712020:7a155d42-06e0-4222-9d4e-f39dede68758,SCRUM-64,1.0,
10178,2026-09-24 11:13:15,2026-09-24,2026-W39,SCRUM Sprint 2,Calvin Koch,712020:1793fffe-a3b4-4b8b-b162-77b2e79e19da,SCRUM-64,1.0,
10179,2026-09-24 11:13:10,2026-09-24,2026-W39,SCRUM Sprint 2,Seleman Hassan,712020:7e8593ee-4747-44a1-89c2-28e81af19f99,SCRUM-64,1.0,
10180,2026-09-24 11:14:22,2026-09-24,2026-W39,SCRUM Sprint 2,Klas Widebeck,712020:ba6fc434-9839-4353-a732-a8f4b60b9695,SCRUM-64,1.0,
10319,2026-09-24 10:53:00,2026-09-24,2026-W39,SCRUM Sprint 2,Anton Hedlund,712020:991ea2e9-c055-4d6e-a6b7-a44bccafe0a6,SCRUM-64,1.0,
10072,2026-09-21 11:00:01,2026-09-21,2026-W39,SCRUM Sprint 2,Calvin Koch,712020:1793fffe-a3b4-4b8b-b162-77b2e79e19da,SCRUM-58,1.5,
10073,2026-09-21 11:00:04,2026-09-21,2026-W39,SCRUM Sprint 2,Einar Eriksson Wahlin,712020:873506cb-9f09-47b4-8689-67e320ded9be,SCRUM-58,1.5,
10074,2026-09-21 12:29:25,2026-09-21,2026-W39,SCRUM Sprint 2,Anton Hedlund,712020:991ea2e9-c055-4d6e-a6b7-a44bccafe0a6,SCRUM-58,1.5,
10075,2026-09-21 11:00:00,2026-09-21,2026-W39,SCRUM Sprint 2,Sai Suchith Kurra,712020:7a155d42-06e0-4222-9d4e-f39dede68758,SCRUM-58,1.5,Team Meeting
10076,2026-09-21 11:00:29,2026-09-21,2026-W39,SCRUM Sprint 2,Seleman Hassan,712020:7e8593ee-4747-44a1-89c2-28e81af19f99,SCRUM-58,1.5,
10317,2026-09-21 11:00:00,2026-09-21,2026-W39,SCRUM Sprint 2,Klas Widebeck,712020:ba6fc434-9839-4353-a732-a8f4b60b9695,SCRUM-58,1.5,
10326,2026-09-15 08:37:00,2026-09-15,2026-W38,SCRUM Sprint 2,Calvin Koch,712020:1793fffe-a3b4-4b8b-b162-77b2e79e19da,SCRUM-55,3.0,
10110,2026-09-23 10:41:54,2026-09-23,2026-W39,SCRUM Sprint 2,Einar Eriksson Wahlin,712020:873506cb-9f09-47b4-8689-67e320ded9be,SCRUM-54,1.0,
10143,2026-09-23 20:15:50,2026-09-23,2026-W39,SCRUM Sprint 2,Anton Hedlund,712020:991ea2e9-c055-4d6e-a6b7-a44bccafe0a6,SCRUM-54,0.5,
10318,2026-09-23 11:08:00,2026-09-23,2026-W39,SCRUM Sprint 2,Klas Widebeck,712020:ba6fc434-9839-4353-a732-a8f4b60b9695,SCRUM-54,0.5,
10360,2026-09-11 17:24:00,2026-09-11,2026-W37,SCRUM Sprint 1,Sai Suchith Kurra,712020:7a155d42-06e0-4222-9d4e-f39dede68758,SCRUM-54,3.0,
10320,2026-09-21 11:53:00,2026-09-21,2026-W39,SCRUM Sprint 2,Seleman Hassan,712020:7e8593ee-4747-44a1-89c2-28e81af19f99,SCRUM-50,5.0,
10536,2026-10-04 13:27:59,2026-10-04,2026-W40,SCRUM Sprint 3,Anton Hedlund,712020:991ea2e9-c055-4d6e-a6b7-a44bccafe0a6,SCRUM-49,5.0,
10000,2026-09-16 07:44:48,2026-09-16,2026-W38,SCRUM Sprint 2,Sai Suchith Kurra,712020:7a155d42-06e0-4222-9d4e-f39dede68758,SCRUM-48,1.0,
10001,2026-09-16 07:54:24,2026-09-16,2026-W38,SCRUM Sprint 2,Calvin Koch,712020:1793fffe-a3b4-4b8b-b162-77b2e79e19da,SCRUM-48,1.0,
10002,2026-09-16 05:54:42,2026-09-16,2026-W38,SCRUM Sprint 2,Einar Eriksson Wahlin,712020:873506cb-9f09-47b4-8689-67e320ded9be,SCRUM-48,1.0,
10003,2026-09-16 08:14:29,2026-09-16,2026-W38,SCRUM Sprint 2,Seleman Hassan,712020:7e8593ee-4747-44a1-89c2-28e81af19f99,SCRUM-48,1.0,
10004,2026-09-16 08:18:46,2026-09-16,2026-W38,SCRUM Sprint 2,Anton Hedlund,712020:991ea2e9-c055-4d6e-a6b7-a44bccafe0a6,SCRUM-48,1.0,
10037,2026-09-16 08:00:00,2026-09-16,2026-W38,SCRUM Sprint 2,Klas Widebeck,712020:ba6fc434-9839-4353-a732-a8f4b60b9695,SCRUM-48,1.0,
10070,2026-09-21 08:29:54,2026-09-21,2026-W39,SCRUM Sprint 2,Calvin Koch,712020:1793fffe-a3b4-4b8b-b162-77b2e79e19da,SCRUM-47,3.0,
10215,2026-09-14 09:17:00,2026-09-14,2026-W38,SCRUM Sprint 2,Sai Suchith Kurra,712020:7a155d42-06e0-4222-9d4e-f39dede68758,SCRUM-38,1.0,
10282,2026-09-27 17:42:22,2026-09-27,2026-W39,SCRUM Sprint 2,Anton Hedlund,712020:991ea2e9-c055-4d6e-a6b7-a44bccafe0a6,SCRUM-35,3.0,
10249,2026-09-25 15:00:19,2026-09-25,2026-W39,SCRUM Sprint 2,Anton Hedlund,712020:991ea2e9-c055-4d6e-a6b7-a44bccafe0a6,SCRUM-34,0.25,
10248,2026-09-25 14:15:02,2026-09-25,2026-W39,SCRUM Sprint 2,Anton Hedlund,712020:991ea2e9-c055-4d6e-a6b7-a44bccafe0a6,SCRUM-33,1.0,
10214,2026-09-11 09:14:00,2026-09-11,2026-W37,SCRUM Sprint 1,Sai Suchith Kurra,712020:7a155d42-06e0-4222-9d4e-f39dede68758,SCRUM-27,2.0,
10315,2026-09-28 08:36:42,2026-09-28,2026-W40,SCRUM Sprint 3,Einar Eriksson Wahlin,712020:873506cb-9f09-47b4-8689-67e320ded9be,SCRUM-17,2.5,
10316,2026-09-27 19:00:00,2026-09-27,2026-W39,SCRUM Sprint 2,Klas Widebeck,712020:ba6fc434-9839-4353-a732-a8f4b60b9695,SCRUM-17,5.0,
10321,2026-09-26 06:56:00,2026-09-26,2026-W39,SCRUM Sprint 2,Seleman Hassan,712020:7e8593ee-4747-44a1-89c2-28e81af19f99,SCRUM-17,5.0,
10359,2026-09-26 15:23:00,2026-09-26,2026-W39,SCRUM Sprint 2,Sai Suchith Kurra,712020:7a155d42-06e0-4222-9d4e-f39dede68758,SCRUM-17,5.5,
10364,2026-09-24 19:34:00,2026-09-24,2026-W39,SCRUM Sprint 2,Calvin Koch,712020:1793fffe-a3b4-4b8b-b162-77b2e79e19da,SCRUM-16,1.0,
10361,2026-09-07 19:57:00,2026-09-07,2026-W37,SCRUM Sprint 1,Calvin Koch,712020:1793fffe-a3b4-4b8b-b162-77b2e79e19da,SCRUM-15,0.5,
10367,2026-09-11 18:54:00,2026-09-11,2026-W37,SCRUM Sprint 1,Calvin Koch,712020:1793fffe-a3b4-4b8b-b162-77b2e79e19da,SCRUM-13,2.0,
10213,2026-09-11 09:42:00,2026-09-11,2026-W37,SCRUM Sprint 1,Sai Suchith Kurra,712020:7a155d42-06e0-4222-9d4e-f39dede68758,SCRUM-12,0.5,
10362,2026-09-10 19:29:00,2026-09-10,2026-W37,SCRUM Sprint 1,Calvin Koch,712020:1793fffe-a3b4-4b8b-b162-77b2e79e19da,SCRUM-12,1.0,
10366,2026-09-10 20:22:00,2026-09-10,2026-W37,SCRUM Sprint 1,Calvin Koch,712020:1793fffe-a3b4-4b8b-b162-77b2e79e19da,SCRUM-11,0.5,
10071,2026-09-18 09:14:00,2026-09-18,2026-W38,SCRUM Sprint 2,Sai Suchith Kurra,712020:7a155d42-06e0-4222-9d4e-f39dede68758,SCRUM-10,2.5,The issue has been resolved.
10403,2026-09-29 07:44:17,2026-09-29,2026-W40,SCRUM Sprint 3,Sai Suchith Kurra,712020:7a155d42-06e0-4222-9d4e-f39dede68758,SCRUM-9,3.5,
10369,2026-09-16 19:56:00,2026-09-16,2026-W38,SCRUM Sprint 2,Calvin Koch,712020:1793fffe-a3b4-4b8b-b162-77b2e79e19da,SCRUM-7,1.0,
10437,2026-09-10 11:00:00,2026-09-10,2026-W37,SCRUM Sprint 1,Klas Widebeck,712020:ba6fc434-9839-4353-a732-a8f4b60b9695,SCRUM-7,5.0,
