calendar_week,worklog_author,total_hours
2026-W37,Calvin Koch,2.5
2026-W37,Sai Suchith Kurra,5.5
2026-W38,Anton Hedlund,1.0
2026-W38,Calvin Koch,4.0
2026-W38,Einar Eriksson Wahlin,1.0
2026-W38,Klas Widebeck,1.0
2026-W38,Sai Suchith Kurra,4.5
2026-W38,Seleman Hassan,1.0
2026-W39,Anton Hedlund,7.25
2026-W39,Calvin Koch,6.5
2026-W39,Einar Eriksson Wahlin,3.5
2026-W39,Klas Widebeck,8.0
2026-W39,Sai Suchith Kurra,8.0
2026-W39,Seleman Hassan,7.5
2026-W40,Anton Hedlund,1.0
2026-W40,Calvin Koch,1.0
2026-W40,Einar Eriksson Wahlin,2.5
2026-W40,Klas Widebeck,1.0
2026-W40,Seleman Hassan,6.0
