sprint_by_date,worklog_author,total_hours
SCRUM Sprint 1,Calvin Koch,5.0
SCRUM Sprint 1,Klas Widebeck,5.0
SCRUM Sprint 1,Sai Suchith Kurra,5.5
SCRUM Sprint 2,Anton Hedlund,8.25
SCRUM Sprint 2,Calvin Koch,13.5
SCRUM Sprint 2,Einar Eriksson Wahlin,4.5
SCRUM Sprint 2,Klas Widebeck,9.0
SCRUM Sprint 2,Sai Suchith Kurra,12.5
SCRUM Sprint 2,Seleman Hassan,13.5
SCRUM Sprint 3,Anton Hedlund,7.0
SCRUM Sprint 3,Calvin Koch,10.0
SCRUM Sprint 3,Einar Eriksson Wahlin,11.0
SCRUM Sprint 3,Klas Widebeck,1.0
SCRUM Sprint 3,Sai Suchith Kurra,10.0
SCRUM Sprint 3,Seleman Hassan,2.5
